0.00000000000000000E0	0.00000000000000000E0
5.00000000000000355E-11	6.24921884764404556E-6
1.00000000000000067E-10	1.66642364438217450E-5
1.67499850326351951E-10	3.97425042066320566E-5
2.16130978266477136E-10	6.31656220409291969E-5
3.10128930943365955E-10	1.25060892180029470E-4
4.66045746722207888E-10	2.76306846223268110E-4
8.84889924620647683E-10	9.82969846697850969E-4
1.00000000000000000E-9	1.25385475507626820E-3
1.03453302261380586E-9	1.34007161980190581E-3
1.13347828444641774E-9	1.58706820221523648E-3
1.26265940103124552E-9	1.90945424932282171E-3
1.65020275078572798E-9	2.87599170745301613E-3
2.81283280004917646E-9	5.76580807629217773E-3
6.02323928319755275E-9	1.36820122322309334E-2
1.06235489043219089E-8	2.48964577497466077E-2
1.75914875761590683E-8	4.15917819643886588E-2
2.65744410775583750E-8	6.26423817125349380E-2
3.81029568803396268E-8	8.89014177217492652E-2
5.20471168170806830E-8	1.19962920962642694E-1
7.80766118035110512E-8	1.75330151497535258E-1
1.22431166813393721E-7	2.62001091823037102E-1
1.59149284967591154E-7	3.26894125565453786E-1
1.86128752123956187E-7	3.70888575600281056E-1
2.09485321545414527E-7	4.06626414553845983E-1
2.31032637815250297E-7	4.37782359614639827E-1
2.59054542534109045E-7	4.75872394059743264E-1
2.76610632553698288E-7	4.98401706397214905E-1
2.90169141914726314E-7	5.15129570339411380E-1
3.00471210643531528E-7	5.27462650793154442E-1
3.09886663230848924E-7	5.38458413031258765E-1
3.18817113655025564E-7	5.48650653749526018E-1
3.27638369917024885E-7	5.58497028302530119E-1
3.36520775342706369E-7	5.68194515539354494E-1
3.45524443221409117E-7	5.77806974402328244E-1
3.54693551241365146E-7	5.87376127110095592E-1
3.64047864091513018E-7	5.96915031499204307E-1
3.73603717093797538E-7	6.06431686819185600E-1
3.83375037622413117E-7	6.15930442471506101E-1
3.93374930414160895E-7	6.25413779965498762E-1
4.03616734734531946E-7	6.34883380169625688E-1
4.14114133884592750E-7	6.44340189914392791E-1
4.24881515559327028E-7	6.53784679511553701E-1
4.35934193856754693E-7	6.63216916630751818E-1
4.47288673753503474E-7	6.72636619151833415E-1
4.58962962342705083E-7	6.82043170912317720E-1
4.70976950789015358E-7	6.91435592403709620E-1
4.83352920943939957E-7	7.00812467095751046E-1
4.96116241532664581E-7	7.10171807936877286E-1
5.09296361254656471E-7	7.19510845066528226E-1
5.22928265560636163E-7	7.28825703740923281E-1
5.37054665543237952E-7	7.38110926905051112E-1
5.51729361545401709E-7	7.47358777507497241E-1
5.67022533250550076E-7	7.56558231411413740E-1
5.83029284403077241E-7	7.65693545838572653E-1
5.99883912601257308E-7	7.74742272005305121E-1
6.17784824374972974E-7	7.83672609002467357E-1
6.37040829807292219E-7	7.92439630944534912E-1
6.58124381828803173E-7	8.00967526378558681E-1
6.82039842222358494E-7	8.09208013933938730E-1
7.10705514985227538E-7	8.17057449224597754E-1
7.50100148055050742E-7	8.24562717636217712E-1
8.36828371392273773E-7	8.32334271180751806E-1
8.90518273420499895E-7	8.33578332905756270E-1
9.55476554249535859E-7	8.33834574968396680E-1
1.03109441795010670E-6	8.33734678181396305E-1
1.14068679932580763E-6	8.33606378192427044E-1
1.33563157369727903E-6	8.33587098731442566E-1
1.92046589681169277E-6	8.33792118984818842E-1
2.88684595235932040E-6	8.34153579602993744E-1
5.27525462035966086E-6	8.35008440387082729E-1
1.24404806243606814E-5	8.37535784975175979E-1
3.39361586363637402E-5	8.44689900435420427E-1
4.50066814838218221E-5	8.48269853442803523E-1
6.57873705825688493E-5	8.54667888244151364E-1
8.41929291492547982E-5	8.60084393832710425E-1
1.09074683651015825E-4	8.66987121606532618E-1
1.35105861955087514E-4	8.73771979561667678E-1
1.66378709755973109E-4	8.81344175401830476E-1
2.00674048163769125E-4	8.89004650780377226E-1
2.40042936402576013E-4	8.97243992688059677E-1
3.12136481354817086E-4	9.10575141697550805E-1
3.63949314068568430E-4	9.18460737314388886E-1
4.13578192069729855E-4	9.25208560681255143E-1
4.81574051534495684E-4	9.33198915295870890E-1
5.00001000000000051E-4	9.35251931796606684E-1
5.00001050000000014E-4	9.35245690089931792E-1
5.00001199999999990E-4	9.35194860100994951E-1
5.00001650000000186E-4	9.34466726868371822E-1
5.00002000000000102E-4	9.33688948968564603E-1
5.00002105000000086E-4	9.33428090933679044E-1
5.00002419999999947E-4	9.32646670801238997E-1
5.00003364999999622E-4	9.30322324745794127E-1
5.00006199999998913E-4	9.23427708909621359E-1
5.00014704999996518E-4	9.03800291611985784E-1
5.00038997586117517E-4	8.50196941929252503E-1
5.00066798606317597E-4	7.92905738052934517E-1
5.00150201666917660E-4	6.42672831512655129E-1
5.00256790416708874E-4	4.90021920756268958E-1
5.00380263675062764E-4	3.56625737975333479E-1
5.00505167821483532E-4	2.57889701296259366E-1
5.00627612622711293E-4	1.87457714966832567E-1
5.00746776375704172E-4	1.37403913489377305E-1
5.00863279870797484E-4	1.01443142483042381E-1
5.00978326655597961E-4	7.52053263992306142E-2
5.01092808771819254E-4	5.58512399667829484E-2
5.01207297214324399E-4	4.14837854156697539E-2
5.01322022782923504E-4	3.07951226020115509E-2
5.01437006773911698E-4	2.28451326022563839E-2
5.01552175658889077E-4	1.69389282344435221E-2
5.01667439566924322E-4	1.25562261739019965E-2
5.01782731182382946E-4	9.30663408236062040E-3
5.01898013863997683E-4	6.89813836600377250E-3
5.02013275397845593E-4	5.11321174048548066E-3
5.02128517513889872E-4	3.79033837412417585E-3
5.02243747132570384E-4	2.80981198424438139E-3
5.02358971102337115E-4	2.08297377141791040E-3
5.02474194051766254E-4	1.54415916733269665E-3
5.02589418215212369E-4	1.14471985030165446E-3
5.02704644125500888E-4	8.48602756507159128E-4
5.02819871443723976E-4	6.29083099091454123E-4
5.02935099580003175E-4	4.66348510414870887E-4
5.03050328029625327E-4	3.45710644887076501E-4
5.03165556484368359E-4	2.56280089809740774E-4
5.03280784815551741E-4	1.89984035316116406E-4
5.03396013009643895E-4	1.40837887737809186E-4
5.03511241104902307E-4	1.04405172480700070E-4
5.03626469148697176E-4	7.73970827804208472E-5
5.03741697177009407E-4	5.73755934102997767E-5
5.03856925209620243E-4	4.25333692425934284E-5
5.03972153253308619E-4	3.15306098369104060E-5
5.04087381307327043E-4	2.33741024342072601E-5
5.04202609368064625E-4	1.73275638262912257E-5
5.04317837431884897E-4	1.28451762488324794E-5
5.04433065496303890E-4	9.52231682115293765E-6
5.04548293560106575E-4	7.05903258962324465E-6
5.04663521622990441E-4	5.23296401016813739E-6
5.04778749685125572E-4	3.87927269637084660E-6
5.04893977746823008E-4	2.87576154600557343E-6
5.05009205808352757E-4	2.13184406499263890E-6
5.05124433869882772E-4	1.58036716373165964E-6
5.05239661931485617E-4	1.17154927654642971E-6
5.05354889993173195E-4	8.68486601582781326E-7
5.05470118054929962E-4	6.43821811204582417E-7
5.05585346116736289E-4	4.77274518552437144E-7
5.05700574178581075E-4	3.53810576397979570E-7
5.05815802240463430E-4	2.62284951647059295E-7
5.05931030302393658E-4	1.94435668369648984E-7
5.06046258364390855E-4	1.44138003056275821E-7
5.06161486426482021E-4	1.06851608656179731E-7
5.06276714488703483E-4	7.92106595438981120E-8
5.06391942551102048E-4	5.87200199920731691E-8
5.06507170613740954E-4	4.35300094197122878E-8
5.06622398676703689E-4	3.22694325789992043E-8
5.06743074057325416E-4	2.35734085369640622E-8
5.06876063556645828E-4	1.66463180576805203E-8
5.07023776694492589E-4	1.12672943964715189E-8
5.07190076770530762E-4	7.21066692048691493E-9
5.07378475337837553E-4	4.29519713616570176E-9
5.07594176339652492E-4	2.31841113288899070E-9
5.07844659840302448E-4	1.07727331516863511E-9
5.08141241530083043E-4	3.78618186729893269E-10
5.08501610098339185E-4	4.92508461595796998E-11
5.08954944637833950E-4	2.30873557839046173E-11
5.09531663492062670E-4	5.79039243888652955E-12
5.10240363747710202E-4	2.09034262532318138E-12
5.12366464514652531E-4	-6.59065575681858729E-13
5.16052222928142790E-4	-6.27329948714246388E-14
5.27109498168613655E-4	4.37796054533511736E-14
5.60281323890026428E-4	2.48230802920629978E-15
6.59796801054264392E-4	1.61655050604639428E-15
9.58343232546978641E-4	1.98227534446483489E-15
1.00000000000000000E-3	1.98265011742074782E-15
1.00000005000000014E-3	6.24921885117864040E-6
1.00000020000000012E-3	5.71288297758372643E-5
1.00000065000000005E-3	5.40055436719767279E-4
1.00000087962032680E-3	9.79293891903836489E-4
1.00000100000000014E-3	1.26187306062399895E-3
1.00000103611390179E-3	1.35203574717813502E-3
1.00000113574090332E-3	1.60073077987035672E-3
1.00000126679869217E-3	1.92779494034980980E-3
1.00000165997205892E-3	2.90834869149429931E-3
1.00000283949215873E-3	5.83992815949952515E-3
1.00000605008407550E-3	1.37559957295751012E-2
1.00001067185149095E-3	2.50213076077036645E-2
1.00001765110074459E-3	4.17411264284036942E-2
1.00002665630027376E-3	6.28394214300420195E-2
1.00003820199994964E-3	8.91309720322667687E-2
1.00005216892013959E-3	1.20234233396685686E-1
1.00007824570520909E-3	1.75681658785044181E-1
1.00012266494961732E-3	2.62435583808656103E-1
1.00025103551297656E-3	4.67376622692062949E-1
1.00035844730276846E-3	5.95644091438821022E-1
1.00049328418134431E-3	7.14946838495631631E-1
1.00064127361056632E-3	8.06739542633278539E-1
1.00081037862314659E-3	8.75521535166166309E-1
1.00100980101146253E-3	9.18218048504389195E-1
1.00126452915888353E-3	9.34969608682309250E-1
1.00151439891941130E-3	9.35961916306369801E-1
1.00177124258807648E-3	9.34375693919926853E-1
1.00210304099894554E-3	9.33472495257451840E-1
1.00309843623155337E-3	9.33303131166121069E-1
1.00494187206509888E-3	9.33488203027815189E-1
1.01047217956573454E-3	9.34112186186014171E-1
1.02706310206764218E-3	9.35933182709403688E-1
1.07683586957336441E-3	9.41046844372080038E-1
1.15709861430730676E-3	9.48215505091410904E-1
1.39788684850913447E-3	9.63768670256549242E-1
1.50000099999999992E-3	9.68272617217043852E-1
1.50000104999999984E-3	9.68266370850910008E-1
1.50000120000000026E-3	9.68215513077585221E-1
1.50000165000000019E-3	9.67486236446346837E-1
1.50000200000000006E-3	9.66707001036140312E-1
1.50000210500000009E-3	9.66445549942851656E-1
1.50000241999999995E-3	9.65661943544278500E-1
1.50000336499999976E-3	9.63324154951664191E-1
1.50000619999999896E-3	9.56363915343387561E-1
1.50001470499999656E-3	9.36259938105024503E-1
1.50004021999998960E-3	8.78359373532150833E-1
1.50007272329747821E-3	8.09701148415066996E-1
1.50017023318994491E-3	6.33218970983487850E-1
1.50029066874366701E-3	4.65387149519493537E-1
1.50041668928265626E-3	3.35941043864657241E-1
1.50054232052900405E-3	2.42225389167029581E-1
1.50066347824450341E-3	1.76589970310244926E-1
1.50078128193753413E-3	1.29893957502761670E-1
1.50089679944286791E-3	9.61570261500373569E-2
1.50101129401197464E-3	7.13991431338715188E-2
1.50112559653444944E-3	5.30549498325618796E-2
1.50124010878678660E-3	3.94066474079725015E-2
1.50135493842131229E-3	2.92458310323763016E-2
1.50147002565984544E-3	2.16899237054594529E-2
1.50158526443050677E-3	1.60792818166072227E-2
1.50170056213680247E-3	1.19178245838803476E-2
1.50181586181924276E-3	8.83320284921840226E-3
1.50193113941457312E-3	6.54729137787940640E-3
1.50204639206292301E-3	4.85325608743560188E-3
1.50216162657081376E-3	3.59771066883692203E-3
1.50227685153975199E-3	2.66705005486564461E-3
1.50239207356557225E-3	1.97715286755970920E-3
1.50250729630806301E-3	1.46571305912840399E-3
1.50262252104669436E-3	1.08656458671188649E-3
1.50273774767066848E-3	8.05489668595596520E-4
1.50285297553145858E-3	5.97121783845696186E-4
1.50296820396628594E-3	4.42654742849633287E-4
1.50308343251841681E-3	3.28146018911273707E-4
1.50319866096208732E-3	2.43259188646176616E-4
1.50331388923892306E-3	1.80331481671463623E-4
1.50342911737820817E-3	1.33682330606596533E-4
1.50354434543599425E-3	9.91006642314767383E-5
1.50365957346144352E-3	7.34647770870838279E-5
1.50377480148515996E-3	5.44605183509115776E-5
1.50389002952031170E-3	4.03723811405495603E-5
1.50400525756867021E-3	2.99286373442669351E-5
1.50412048562674316E-3	2.21865365453013430E-5
1.50423571368998532E-3	1.64472037574285013E-5
1.50435094175487039E-3	1.21925524273559605E-5
1.50446616981942061E-3	9.03851724203824602E-6
1.50458139788292788E-3	6.70038489728206788E-6
1.50469662594543507E-3	4.96709323985194384E-6
1.50481185400728079E-3	3.68217881175838535E-6
1.50492708206881765E-3	2.72965297006058183E-6
1.50504231013029166E-3	2.02353164256562046E-6
1.50515753819182785E-3	1.50007358195762786E-6
1.50527276625346085E-3	1.11202647078335115E-6
1.50538799431518044E-3	8.24361475670287724E-7
1.50550322237696088E-3	6.11111210439866159E-7
1.50561845043878262E-3	4.53025672127178591E-7
1.50573367850063677E-3	3.35834552144396215E-7
1.50584890656252712E-3	2.48959062150494637E-7
1.50596413462446788E-3	1.84556991730880915E-7
1.50607936268647968E-3	1.36814795689798441E-7
1.50619459074859252E-3	1.01422808009178445E-7
1.50630981881084391E-3	7.51862102846919012E-8
1.50642504687328427E-3	5.57366369412471219E-8
1.50654027493597931E-3	4.13183839644037132E-8
1.50665550299901807E-3	3.06299223085550532E-8
1.50677829417415765E-3	2.22482428616938543E-8
1.50691349066895541E-3	1.56125861794992682E-8
1.50706424566779029E-3	1.04735861821550569E-8
1.50723407580745339E-3	6.62894623691839247E-9
1.50742679300383520E-3	3.89080008784505216E-9
1.50764790321510933E-3	2.05604188134060539E-9
1.50790543040938751E-3	9.22384620225782292E-10
1.50821156854328597E-3	2.99513888944448814E-10
1.50858552282052960E-3	1.84511719980383404E-11
1.50905935080879949E-3	8.44721792373621483E-12
1.50969669055434963E-3	1.76113202642923783E-12
1.51046724543759936E-3	6.03126163901695023E-13
1.51277891008734855E-3	-2.04338344277445527E-13
1.51823554592290999E-3	-1.20946121042599497E-14
1.53460545342959409E-3	1.15558758017801955E-14
1.58371517594964750E-3	2.07503422307513441E-15
1.73104434350980774E-3	1.94042361618874004E-15
2.00000000000000000E-3	1.99739950362625995E-15
2.00000004999999970E-3	6.24921882409172458E-6
2.00000019999999967E-3	5.71288296210069291E-5
2.00000064999999960E-3	5.40055436122284682E-4
2.00000087962032591E-3	9.79293889451631117E-4
2.00000099999999970E-3	1.26187306055323978E-3
2.00000103611390223E-3	1.35203574791936099E-3
2.00000113574090355E-3	1.60073078066844010E-3
2.00000126679869261E-3	1.92779494180227196E-3
2.00000165997206025E-3	2.90834869490736514E-3
2.00000283949216273E-3	5.83992816875417287E-3
2.00000605008407950E-3	1.37559957388333842E-2
2.00001067185149806E-3	2.50213076236367904E-2
2.00001765110075347E-3	4.17411264474127552E-2
2.00002665630028531E-3	6.28394214552006947E-2
2.00003820199996296E-3	8.91309720615400991E-2
2.00005216892015625E-3	1.20234233431310100E-1
2.00007824570523196E-3	1.75681658830010523E-1
2.00012266494964797E-3	2.62435583864317534E-1
2.00025103551299166E-3	4.67376622859289981E-1
2.00035844730219248E-3	5.95644111624398764E-1
2.00049328408127014E-3	7.14949106912111088E-1
2.00064126567933842E-3	8.06824816942362943E-1
2.00081005647194310E-3	8.76848925797759726E-1
2.00100445788992420E-3	9.26038726903777487E-1
2.00123427232866913E-3	9.54910414349247816E-1
2.00150781857442395E-3	9.66418231170035291E-1
2.00180542000662820E-3	9.68106613571890762E-1
2.00214684602438053E-3	9.67134600686364720E-1
2.00259835533660091E-3	9.66236758346991209E-1
2.00395288327326115E-3	9.65983549555477339E-1
2.00655678686550720E-3	9.66039295671508746E-1
2.00942799977350983E-3	9.66178393332940111E-1
2.01804163849751728E-3	9.66545657719216855E-1
2.04163459358250021E-3	9.67499855332202685E-1
2.11241345883744946E-3	9.70142099794367496E-1
2.23943833923463131E-3	9.73827526046964032E-1
2.38399120532363717E-3	9.77328102439641988E-1
2.50000100000000014E-3	9.79623344178756383E-1
2.50000104999999984E-3	9.79617096462314407E-1
2.50000120000000070E-3	9.79566229889229767E-1
2.50000164999999974E-3	9.78836561677040251E-1
2.50000200000000072E-3	9.78056825888819681E-1
2.50000210500000009E-3	9.77795170973986671E-1
2.50000242000000084E-3	9.77010812658713412E-1
2.50000336500000220E-3	9.74668385848382712E-1
2.50000620000000451E-3	9.67685445529566834E-1
2.50001470500001233E-3	9.47415575039388003E-1
2.50004022000003712E-3	8.88930123319953758E-1
2.50007498696308073E-3	8.14859194698574463E-1
2.50017928785221244E-3	6.26304912343777520E-1
2.50030412293183346E-3	4.54829451830668408E-1
2.50043092058059191E-3	3.27450736692500355E-1
2.50055658584245943E-3	2.35995063135761329E-1
2.50067714983706146E-3	1.72292856511430070E-1
2.50079441524290136E-3	1.26912345222032097E-1
2.50090955965112371E-3	9.40464734392487678E-2
2.50102386426824363E-3	6.98705212557185096E-2
2.50113811642319650E-3	5.19279177592121144E-2
2.50125265037896849E-3	3.85681308228935871E-2
2.50136752570648335E-3	2.86202771300983905E-2
2.50148265361882283E-3	2.12236937023551286E-2
2.50159791801006914E-3	1.57325308332565972E-2
2.50171322692493181E-3	1.16604262137591519E-2
2.50182852828532321E-3	8.64236447400044305E-3
2.50194380310308340E-3	6.40587806771535107E-3
2.50205905202413259E-3	4.74847699178891602E-3
2.50217428360564398E-3	3.52006590334786207E-3
2.50228950691362062E-3	2.60950282920185384E-3
2.50240472833110505E-3	1.93449528116312930E-3
2.50251995109369352E-3	1.43409009455993885E-3
2.50263517610502984E-3	1.06312111782879892E-3
2.50275040301864093E-3	7.88110012800879112E-4
2.50286563108343341E-3	5.84237653230376353E-4
2.50298085962173644E-3	4.33103426677056458E-4
2.50309608820282081E-3	3.21065466474203642E-4
2.50321131663547147E-3	2.38010281290950543E-4
2.50332654488833395E-3	1.76440402770730209E-4
2.50344177300597215E-3	1.30797825157556336E-4
2.50355700104999190E-3	9.69623419251042229E-5
2.50367222906932474E-3	7.18796086792994426E-5
2.50378745709203310E-3	5.32854099428827688E-5
2.50390268512860548E-3	3.95012559194270585E-5
2.50401791317893085E-3	2.92828593146568927E-5
2.50413314123856745E-3	2.17078117565286766E-5
2.50424836930270711E-3	1.60923180349672323E-5
2.50436359736792813E-3	1.19294704443094335E-5
2.50447882543247502E-3	8.84349072374507195E-6
2.50459405349584063E-3	6.55580889184614257E-6
2.50470928155819461E-3	4.85991693622371290E-6
2.50482450961993042E-3	3.60272745260536897E-6
2.50493973768141220E-3	2.67075451674048781E-6
2.50505496574287045E-3	1.97986935839120770E-6
2.50517019380441219E-3	1.46770609254159612E-6
2.50528542186605918E-3	1.08803197778418070E-6
2.50540064992779099E-3	8.06574007301652784E-7
2.50551587798958053E-3	5.97925100160603318E-7
2.50563110605140782E-3	4.43250615857294950E-7
2.50574633411326442E-3	3.28588160068086754E-7
2.50586156217515832E-3	2.43587205798499440E-7
2.50597679023710285E-3	1.80574756107801915E-7
2.50609201829912109E-3	1.33862706222256711E-7
2.50620724636124237E-3	9.92343809422260925E-8
2.50632247442350575E-3	7.35638973161921328E-8
2.50643770248596232E-3	5.45339926277006359E-8
2.50655293054868000E-3	4.04268461582611671E-8
2.50666815861174896E-3	2.99690123032024180E-8
2.50679184587424375E-3	2.17155225291516807E-8
2.50692797780564280E-3	1.51982880511554264E-8
2.50708002403413177E-3	1.01568674715885821E-8
2.50725135477934113E-3	6.39807068718904937E-9
2.50744591192014132E-3	3.73143228351471912E-9
2.50766933333223729E-3	1.95363884396537402E-9
2.50792988144524287E-3	8.62785880863652643E-10
2.50824013797876555E-3	2.69794364375079088E-10
2.50861998405939035E-3	7.47709635616932822E-12
2.50910277515177205E-3	3.38902796247676941E-12
2.50976807507871147E-3	6.45052299977054489E-13
2.51056685680533365E-3	2.16568012257055109E-13
2.51296320198519885E-3	-7.40381553074126586E-14
2.52015223752479400E-3	-2.00863266342238100E-15
2.54171934414357992E-3	4.78442940495094060E-15
2.60642066399993766E-3	2.01619457017527459E-15
2.80052462356901177E-3	1.98628227951293668E-15
3.00000000000000000E-3	1.99890725278535664E-15
3.00000005000000014E-3	6.24921882409323182E-6
3.00000019999999967E-3	5.71288296210084212E-5
3.00000064999999960E-3	5.40055436122286281E-4
3.00000087962032591E-3	9.79293889451632893E-4
3.00000100000000014E-3	1.26187306055324155E-3
3.00000103611390223E-3	1.35203574791936276E-3
3.00000113574090355E-3	1.60073078066843966E-3
3.00000126679869306E-3	1.92779494180226774E-3
3.00000165997206025E-3	2.90834869490735004E-3
3.00000283949216318E-3	5.83992816875412579E-3
3.00000605008407994E-3	1.37559957388342058E-2
3.00001067185149850E-3	2.50213076236376564E-2
3.00001765110075347E-3	4.17411264474133858E-2
3.00002665630028531E-3	6.28394214552022046E-2
3.00003820199996341E-3	8.91309720615413248E-2
3.00005216892015580E-3	1.20234233431312232E-1
3.00007824570523240E-3	1.75681658830021670E-1
3.00012266494964885E-3	2.62435583864347866E-1
3.00025103551299122E-3	4.67376622872994130E-1
3.00035844730213430E-3	5.95644113585362156E-1
3.00049328407153304E-3	7.14949327585367467E-1
3.00064126490786354E-3	8.06833142842825879E-1
3.00081002514094752E-3	8.76985383185888523E-1
3.00100393309518587E-3	9.27072685379243744E-1
3.00123040952555664E-3	9.58697289289666266E-1
3.00149979260798805E-3	9.74352726724615970E-1
3.00181028365490699E-3	9.79054784393405164E-1
3.00216832710104242E-3	9.79086214487256790E-1
3.00262213827953772E-3	9.77948888097091995E-1
3.00398357181502496E-3	9.77513111953015468E-1
3.00636776605323019E-3	9.77464029177405891E-1
3.00904401481547534E-3	9.77546983167592387E-1
3.01707276110221123E-3	9.77721243820949759E-1
3.03531840691790222E-3	9.78095914412669032E-1
3.09005534436497609E-3	9.79164528736104955E-1
3.24524504134500269E-3	9.81555630256539935E-1
3.44656108467917566E-3	9.84083517156364351E-1
3.50000099999999970E-3	9.84640087741042969E-1
3.50000104999999984E-3	9.84633839492261487E-1
3.50000119999999981E-3	9.84582969222767801E-1
3.50000165000000019E-3	9.83853128384404663E-1
3.50000200000000117E-3	9.83073171701924942E-1
3.50000210500000009E-3	9.82811426755682938E-1
3.50000242000000084E-3	9.82026736183161475E-1
3.50000336500000175E-3	9.79682256914824201E-1
3.50000620000000406E-3	9.72689261005572092E-1
3.50001470500001233E-3	9.52345749866496938E-1
3.50004022000003712E-3	8.93601167557634746E-1
3.50007620221457216E-3	8.16673286411603350E-1
3.50018414885817730E-3	6.21868052783220548E-1
3.50031077859333628E-3	4.49367987250021628E-1
3.50043792463999903E-3	3.23127661705873681E-1
3.50056354354620236E-3	2.32868008074345356E-1
3.50068380382308586E-3	1.70135904267328253E-1
3.50080081078016825E-3	1.25409179757954226E-1
3.50091577956050859E-3	9.29777955819662694E-2
3.50102999978517992E-3	6.90936435515638259E-2
3.50114423257322294E-3	5.13540729469559132E-2
3.50125877987447875E-3	3.81409366264688821E-2
3.50137367821818479E-3	2.83016340995533744E-2
3.50148882563073638E-3	2.09863067947121706E-2
3.50160410185553106E-3	1.55560465519901214E-2
3.50171941564703193E-3	1.15294521927263638E-2
3.50183471745812902E-3	8.54526976301583119E-3
3.50194999076146907E-3	6.33393139043321174E-3
3.50206523784186485E-3	4.69516741316689323E-3
3.50218046803700611E-3	3.48056038598962836E-3
3.50229569058893286E-3	2.58022208364377770E-3
3.50241091175192309E-3	1.91279021351443479E-3
3.50252613454813888E-3	1.41799956963606766E-3
3.50264135970111301E-3	1.05119251469717812E-3
3.50275658675559676E-3	7.79266845539701336E-4
3.50287181491590038E-3	5.77681930032419100E-4
3.50298704350047840E-3	4.28243520845414505E-4
3.50310227209274805E-3	3.17462739705130437E-4
3.50321750051854286E-3	2.35339533042167037E-4
3.50333272875930657E-3	1.74460544434505871E-4
3.50344795686655353E-3	1.29330131094315659E-4
3.50356318490420771E-3	9.58743205455039593E-5
3.50367841292086979E-3	7.10730430158596960E-5
3.50379364094328594E-3	5.26874910422318443E-5
3.50390886898063814E-3	3.90580098005559551E-5
3.50402409703193696E-3	2.89542744052363021E-5
3.50413932509231474E-3	2.14642269157865417E-5
3.50425455315686296E-3	1.59117450148904238E-5
3.50436978122222476E-3	1.17956090213796960E-5
3.50448500928675744E-3	8.74425729523726325E-6
3.50460023735004977E-3	6.48224570247895038E-6
3.50471546541232870E-3	4.80538346986071474E-6
3.50483069347401432E-3	3.56230099748961937E-6
3.50494592153546947E-3	2.64078579490319498E-6
3.50506114959692239E-3	1.95765310692480288E-6
3.50517637765846857E-3	1.45123686061912927E-6
3.50529160572012222E-3	1.07582309544012533E-6
3.50540683378186024E-3	7.97523384373483246E-7
3.50552206184365334E-3	5.91215741102776349E-7
3.50563728990548329E-3	4.38276869928271307E-7
3.50575251796734211E-3	3.24901049519162255E-7
3.50586774602923690E-3	2.40853896861517880E-7
3.50598297409118320E-3	1.78548514245605805E-7
3.50609820215320456E-3	1.32360623516322851E-7
3.50621343021533027E-3	9.81208650793721482E-8
3.50632865827759987E-3	7.27384317330069674E-8
3.50644388634006532E-3	5.39220629266986151E-8
3.50655911440279411E-3	3.99732137275644872E-8
3.50667434246587906E-3	2.96327279525131893E-8
3.50679849585415759E-3	2.14448006834574478E-8
3.50693511455107698E-3	1.49880362233098019E-8
3.50708783313684513E-3	9.99645237842170253E-9
3.50725994577021893E-3	6.28142046397534948E-9
3.50745546258503627E-3	3.65116964589766191E-9
3.50768009103417544E-3	1.90229214616749442E-9
3.50794221953594665E-3	8.33097003068503206E-10
3.50825463533673254E-3	2.55153895744639847E-10
3.50863757937459120E-3	2.20851289598767275E-12
3.50912510170691672E-3	9.96459359307148240E-13
3.50980553124267480E-3	1.81155957751037677E-13
3.51061951311213205E-3	6.10304818109518177E-14
3.51306145872050468E-3	-1.92584640412660235E-14
3.52038729554562124E-3	8.98832848556076769E-16
3.54236480602097004E-3	2.76544927650375083E-15
3.60829733744701686E-3	2.00404594993415630E-15
3.80609493172515645E-3	1.99594298430296879E-15
4.00000000000000000E-3	1.99932170682358801E-15
4.00000004999999970E-3	6.24921882680347540E-6
4.00000020000000056E-3	5.71288297386901434E-5
4.00000065000000049E-3	5.40055436847183135E-4
4.00000087962032769E-3	9.79293893837120777E-4
4.00000100000000014E-3	1.26187306117634002E-3
4.00000103611390223E-3	1.35203574724323849E-3
4.00000113574090399E-3	1.60073078028087212E-3
4.00000126679869261E-3	1.92779494078357860E-3
4.00000165997205848E-3	2.90834869199772017E-3
4.00000283949215873E-3	5.83992816021042582E-3
4.00000605008407550E-3	1.37559957302488156E-2
4.00001067185149051E-3	2.50213076087595443E-2
4.00001765110074547E-3	4.17411264296653606E-2
4.00002665630027376E-3	6.28394214316890931E-2
4.00003820199995008E-3	8.91309720341899947E-2
4.00005216892014026E-3	1.20234233398953361E-1
4.00007824570521020E-3	1.75681658787958628E-1
4.00012266494961821E-3	2.62435583812284889E-1
4.00025103551297168E-3	4.67376622852556078E-1
4.00035844730209345E-3	5.95644114097924771E-1
4.00049328406884275E-3	7.14949387920874013E-1
4.00064126469683679E-3	8.06835420893950506E-1
4.00081001657216451E-3	8.77022962708504039E-1
4.00100378933227319E-3	9.27369345463651307E-1
4.00122931639665058E-3	9.59902461443641641E-1
4.00149673120407101E-3	9.77219124266560613E-1
4.00181022683898657E-3	9.83545662220506500E-1
4.00217679584408881E-3	9.84373021359559175E-1
4.00263657622383473E-3	9.83224310592067141E-1
4.00373082493199384E-3	9.82747059109737009E-1
4.00600820118562950E-3	9.82685520435745730E-1
4.01284032994653739E-3	9.82759548295390495E-1
4.03333671622926282E-3	9.83018812028965883E-1
4.09482587507743911E-3	9.83759030660368516E-1
4.27866501644604025E-3	9.85497634714734794E-1
4.50000100000000014E-3	9.87213156694618021E-1
4.50000104999999984E-3	9.87206908200708178E-1
4.50000119999999981E-3	9.87156036118883762E-1
4.50000165000000063E-3	9.86426106956231941E-1
4.50000200000000028E-3	9.85646037123291840E-1
4.50000210500000009E-3	9.85384246037339828E-1
4.50000241999999950E-3	9.84599385140606920E-1
4.50000336500000131E-3	9.82253852778544356E-1
4.50000620000000406E-3	9.75255694553331764E-1
4.50001470500001233E-3	9.54874337890857028E-1
4.50004022000003623E-3	8.95996701849877297E-1
4.50007689276447120E-3	8.17459042879935538E-1
4.50018691105777524E-3	6.19168036188444315E-1
4.50031440844490227E-3	4.46329648136880675E-1
4.50044173651452439E-3	3.20738708320106269E-1
4.50056731246357877E-3	2.31151781048871863E-1
4.50068740465899175E-3	1.68951858102013719E-1
4.50080427296160845E-3	1.24582237228718906E-1
4.50091914851516428E-3	9.23886237582087055E-2
4.50103332542740464E-3	6.86645794328547332E-2
4.50114754920306570E-3	5.10368626488590049E-2
4.50126210450224029E-3	3.79047275655888916E-2
4.50137701550017422E-3	2.81254622092632012E-2
4.50149217336474550E-3	2.08550870440737324E-2
4.50160745580353439E-3	1.54585100624244953E-2
4.50172277206656979E-3	1.14570762829501827E-2
4.50183807401797687E-3	8.49161836554506344E-3
4.50195334645725520E-3	6.29417636454598473E-3
4.50206859253569380E-3	4.66571019979415080E-3
4.50218382199250122E-3	3.45873050008580396E-3
4.50229904415071580E-3	2.56404196458285583E-3
4.50241426518793730E-3	1.90079621115720121E-3
4.50252948800904740E-3	1.40910808061886583E-3
4.50264471324105919E-3	1.04460086850342870E-3
4.50275994037162697E-3	7.74380191205949053E-4
4.50287516858247017E-3	5.74059301399950606E-4
4.50299039719089578E-3	4.25557986879789052E-4
4.50310562578838702E-3	3.15471910936685740E-4
4.50322085421005802E-3	2.33863705979643610E-4
4.50333608244416350E-3	1.73366495739548343E-4
4.50345131054583625E-3	1.28519098851919056E-4
4.50356653858014511E-3	9.52730913595383022E-5
4.50368176659545227E-3	7.06273432735632234E-5
4.50379699461776450E-3	5.23570873071556520E-5
4.50391222265556301E-3	3.88130766266802762E-5
4.50402745070739208E-3	2.87727018187140748E-5
4.50414267876816599E-3	2.13296244799752310E-5
4.50425790683292693E-3	1.58119622529802606E-5
4.50437313489835933E-3	1.17216385997132022E-5
4.50448836296288135E-3	8.68942194105223109E-6
4.50460359102613239E-3	6.44159545382408893E-6
4.50471881908837091E-3	4.77524884698602659E-6
4.50483404715002944E-3	3.53996176139892782E-6
4.50494927521147215E-3	2.62422539278822509E-6
4.50506450327292107E-3	1.94537663881692691E-6
4.50517973133446947E-3	1.44213613537842122E-6
4.50529495939612623E-3	1.06907659480000783E-6
4.50541018745786914E-3	7.92522104841556008E-7
4.50552541551966446E-3	5.87508219488752115E-7
4.50564064358149530E-3	4.35528429969247632E-7
4.50575587164335456E-3	3.22863590808864753E-7
4.50587109970525113E-3	2.39343498942143507E-7
4.50598632776719832E-3	1.77428834193548379E-7
4.50610155582922189E-3	1.31530588329616038E-7
4.50621678389134939E-3	9.75055478644859441E-8
4.50633201195362343E-3	7.22822880887304375E-8
4.50644724001609287E-3	5.35839169766427048E-8
4.50656246807882876E-3	3.97225411927797145E-8
4.50667769614192171E-3	2.94469007389014337E-8
4.50680211014300891E-3	2.12953017915966702E-8
4.50693900104364076E-3	1.48720153962307067E-8
4.50709209575152503E-3	9.90802539549403249E-9
4.50726464593100751E-3	6.21720247759175493E-9
4.50746070007219934E-3	3.60705953959771497E-9
4.50768600481606541E-3	1.87414003362784665E-9
4.50794901960767991E-3	8.16876609161687561E-10
4.50826264775868601E-3	2.47203393963632401E-10
4.50864733387059591E-3	-6.12051320188728987E-13
4.50913752228605968E-3	-2.73919937120706214E-13
4.50982659266909192E-3	-4.62026642514931041E-14
4.51064923325344402E-3	-1.37702989402085385E-14
4.51311715500650124E-3	7.72895874018258855E-15
4.52052092026567465E-3	2.29325514332592562E-15
4.54273221604319399E-3	1.79502644221404095E-15
4.60936610337575470E-3	1.99834628292208105E-15
4.80926776537343414E-3	2.00043697850120505E-15
5.00000000000000000E-3	1.99949221071392125E-15
5.00000004999999970E-3	6.24921882680364682E-6
5.00000019999999967E-3	5.71288297386903388E-5
5.00000065000000049E-3	5.40055436847183135E-4
5.00000087962032769E-3	9.79293893837121487E-4
5.00000100000000103E-3	1.26187306117634068E-3
5.00000103611390134E-3	1.35203574724323916E-3
5.00000113574090488E-3	1.60073078028087235E-3
5.00000126679869261E-3	1.92779494078355706E-3
5.00000165997206025E-3	2.90834869199763046E-3
5.00000283949215962E-3	5.83992816021013272E-3
5.00000605008407639E-3	1.37559957302485270E-2
5.00001067185149140E-3	2.50213076087596065E-2
5.00001765110074547E-3	4.17411264296650142E-2
5.00002665630027376E-3	6.28394214316893063E-2
5.00003820199995008E-3	8.91309720341900835E-2
5.00005216892014026E-3	1.20234233398953450E-1
5.00007824570521109E-3	1.75681658787956252E-1
5.00012266494961910E-3	2.62435583812289153E-1
5.00025103551297168E-3	4.67376622854142632E-1
5.00035844730208723E-3	5.95644114316713313E-1
5.00049328406775651E-3	7.14949412536729945E-1
5.00064126461078118E-3	8.06836350132215685E-1
5.00081001307738227E-3	8.77038321433918711E-1
5.00100373067095649E-3	9.27491985195455548E-1
5.00122886682962697E-3	9.60421015413373169E-1
5.00149534720946498E-3	9.78524888257918768E-1
5.00180974161585912E-3	9.85722924958678881E-1
5.00218059370385770E-3	9.87065138295949218E-1
5.00264446158070530E-3	9.85956492946896290E-1
5.00362413523648275E-3	9.85480938882014534E-1
5.00591127526045288E-3	9.85388440507013819E-1
5.01277269533236414E-3	9.85440094389659116E-1
5.03335695554809526E-3	9.85623939127994575E-1
5.09510973619529395E-3	9.86152688102268904E-1
5.28036807813688647E-3	9.87423866115470972E-1
5.50000100000000014E-3	9.88682183356429789E-1
5.50000105000000072E-3	9.88675934733235628E-1
5.50000119999999981E-3	9.88625061648642323E-1
5.50000164999999974E-3	9.87895082143947256E-1
5.50000200000000028E-3	9.87114947769395634E-1
5.50000210500000009E-3	9.86853130356711006E-1
5.50000242000000128E-3	9.86068172257524722E-1
5.50000336500000131E-3	9.83722038572524760E-1
5.50000620000000495E-3	9.76720931671855297E-1
5.50001470500001233E-3	9.56317945234379785E-1
5.50004022000003623E-3	8.97364301357199778E-1
5.50007731071306516E-3	8.17856874030016101E-1
5.50018858285215195E-3	6.17478528224575562E-1
5.50031655663372021E-3	4.44512641012801701E-1
5.50044399003534679E-3	3.19314982468995545E-1
5.50056953471582766E-3	2.30132735161251389E-1
5.50068952666951283E-3	1.68248698305399413E-1
5.50080631367322148E-3	1.24090564779809842E-1
5.50092113490171997E-3	9.20379139105122057E-2
5.50103528708024747E-3	6.84089282727057402E-2
5.50114950603480946E-3	5.08477680129658793E-2
5.50126406630497478E-3	3.77638987757141198E-2
5.50137898482480026E-3	2.80204331191370759E-2
5.50149414881406873E-3	2.07768660593392074E-2
5.50160943485088172E-3	1.54003738022778780E-2
5.50172475251436133E-3	1.14139396925921832E-2
5.50184005451395386E-3	8.45964265148874794E-3
5.50195532642931884E-3	6.27048287187450004E-3
5.50207057191546056E-3	4.64815395921075147E-3
5.50218580094121457E-3	3.44571996070641662E-3
5.50230102287259371E-3	2.55439859686763748E-3
5.50241624383969352E-3	1.89364774312412032E-3
5.50253146667770032E-3	1.40380871309222699E-3
5.50264669195707601E-3	1.04067221764708928E-3
5.50276191913242130E-3	7.71467725091772838E-4
5.50287714737265610E-3	5.71900201357718796E-4
5.50299237599473745E-3	4.23957399540418400E-4
5.50310760459503001E-3	3.14285370562345001E-4
5.50322283301413062E-3	2.32984108353734110E-4
5.50333806124427660E-3	1.72714439220115157E-4
5.50345328934268174E-3	1.28035721014727377E-4
5.50356851737505348E-3	9.49147568026308619E-5
5.50368374538958882E-3	7.03617047633997394E-5
5.50379897341185931E-3	5.21601655928324170E-5
5.50391420144992871E-3	3.86670956479095773E-5
5.50402942950207219E-3	2.86644839591594813E-5
5.50414465756307614E-3	2.12494009853222154E-5
5.50425988562795965E-3	1.57524913987789028E-5
5.50437511369343113E-3	1.16775519852730736E-5
5.50449034175794516E-3	8.65673988975320086E-6
5.50460556982117044E-3	6.41736777203793984E-6
5.50472079788338586E-3	4.75728851271597897E-6
5.50483602594502841E-3	3.52664750326645660E-6
5.50495125400646401E-3	2.61435533869586356E-6
5.50506648206791027E-3	1.93805982347245775E-6
5.50518171012945956E-3	1.43671207322105943E-6
5.50529693819111898E-3	1.06505565824293025E-6
5.50541216625286367E-3	7.89541325801539884E-7
5.50552739431465987E-3	5.85298524420392230E-7
5.50564262237649160E-3	4.33890350719742557E-7
5.50575785043835175E-3	3.21649258720553943E-7
5.50587307850024743E-3	2.38443296817629236E-7
5.50598830656219462E-3	1.76761501202213323E-7
5.50610353462421909E-3	1.31035884630067478E-7
5.50621876268634924E-3	9.71388167819033832E-8
5.50633399074862506E-3	7.20104249774218275E-8
5.50644921881109806E-3	5.33823808789389709E-8
5.50656444687383839E-3	3.95731395380960826E-8
5.50667967493693666E-3	2.93361471087786452E-8
5.50680424530937440E-3	2.12062338426143171E-8
5.50694129955369593E-3	1.48029219736875661E-8
5.50709462001045580E-3	9.85539659829347592E-9
5.50726743285779552E-3	6.17901079263720820E-9
5.50746380966723681E-3	3.58085230718022052E-9
5.50768952069239148E-3	1.85743669123785038E-9
5.50795306819815789E-3	8.07272197640239320E-10
5.50826742553720017E-3	2.42512220365804732E-10
5.50865316037774022E-3	-2.26245499491157531E-12
5.50914495570801144E-3	-1.01368391093763033E-12
5.50983927473360069E-3	-1.72099385901132296E-13
5.51066716701317016E-3	-5.47151071034157432E-14
5.51315084385187593E-3	2.27132868684789502E-14
5.52060187436799410E-3	3.05498424587088824E-15
5.54295496591635128E-3	1.26422610781519307E-15
5.61001424056142195E-3	1.99527654527019727E-15
5.81119206449663039E-3	2.00284863972365290E-15
6.00000000000000000E-3	1.99957861248013735E-15
6.00000004999999970E-3	6.24921882680373209E-6
6.00000020000000056E-3	5.71288297386904276E-5
6.00000065000000049E-3	5.40055436847183135E-4
6.00000087962032769E-3	9.79293893837121843E-4
6.00000100000000014E-3	1.26187306117634135E-3
6.00000103611390223E-3	1.35203574724323983E-3
6.00000113574090399E-3	1.60073078028087590E-3
6.00000126679869261E-3	1.92779494078357150E-3
6.00000165997205936E-3	2.90834869199767887E-3
6.00000283949215873E-3	5.83992816021027927E-3
6.00000605008407462E-3	1.37559957302469460E-2
6.00001067185149140E-3	2.50213076087573993E-2
6.00001765110074547E-3	4.17411264296614348E-2
6.00002665630027376E-3	6.28394214316853450E-2
6.00003820199995008E-3	8.91309720341850031E-2
6.00005216892014026E-3	1.20234233398947854E-1
6.00007824570521020E-3	1.75681658787954520E-1
6.00012266494961821E-3	2.62435583812285822E-1
6.00025103551297256E-3	4.67376622854923340E-1
6.00035844730208456E-3	5.95644114427010241E-1
6.00049328406720939E-3	7.14949424948197443E-1
6.00064126456739100E-3	8.06836818686051416E-1
6.00081001131529845E-3	8.77046072362591467E-1
6.00100370108774328E-3	9.27554251977541888E-1
6.00122863903227000E-3	9.60689037275059476E-1
6.00149461804297868E-3	9.79219840223395011E-1
6.00180935232329649E-3	9.86922334872951268E-1
6.00218254341448798E-3	9.88592691258922862E-1
6.00264906061276449E-3	9.87525303022109924E-1
6.00357594248955717E-3	9.87059297823565451E-1
6.00589875522351235E-3	9.86954450643468917E-1
6.01286719342537701E-3	9.86991862433746547E-1
6.03377250803097098E-3	9.87137408738817790E-1
6.09648845184775379E-3	9.87558171491872017E-1
6.28463628329810042E-3	9.88581473809771261E-1
6.50000099999999925E-3	9.89573289671453793E-1
6.50000104999999984E-3	9.89567040973784096E-1
6.50000119999999981E-3	9.89516167292737236E-1
6.50000164999999974E-3	9.88786157282130418E-1
6.50000200000000028E-3	9.88005983778798047E-1
6.50000210500000097E-3	9.87744150402249055E-1
6.50000242000000039E-3	9.86959133355460594E-1
6.50000336500000131E-3	9.84612634882138060E-1
6.50000620000000318E-3	9.77609738841416487E-1
6.50001470500001233E-3	9.57193623771098956E-1
6.50004022000003623E-3	8.98193858174663617E-1
6.50007757337846570E-3	8.18078659085685267E-1
6.50018963351375056E-3	6.16396938782776616E-1
6.50031788895469198E-3	4.43378868107059709E-1
6.50044538683683815E-3	3.18428374836963846E-1
6.50057090995315701E-3	2.29499504008360988E-1
6.50069083945585824E-3	1.67811712298842175E-1
6.50080757631637862E-3	1.23784795421137295E-1
6.50092236416628921E-3	9.18196587459181046E-2
6.50103650133847033E-3	6.82497399879244782E-2
6.50115071749327633E-3	5.07299901849465851E-2
6.50126528093487721E-3	3.76761759820095943E-2
6.50138020413213624E-3	2.79550120716557604E-2
6.50149537189741622E-3	2.07281466170057538E-2
6.50161066013626154E-3	1.53641661660547646E-2
6.50172597864521062E-3	1.13870749709267161E-2
6.50184128066175049E-3	8.43972906760601305E-3
6.50195655224751334E-3	6.25572726714991401E-3
6.50207179736655050E-3	4.63722041100611637E-3
6.50218702612714949E-3	3.43761730764531404E-3
6.50230224792013445E-3	2.54839291201986518E-3
6.50241746884534511E-3	1.88919581783619916E-3
6.50253269169463444E-3	1.40050836814752211E-3
6.50264791700360334E-3	1.03822552888538633E-3
6.50276314420662871E-3	7.69653897491776995E-4
6.50287837246490330E-3	5.70555556152542387E-4
6.50299360109528202E-3	4.22960585404646228E-4
6.50310882969720261E-3	3.13546416801485917E-4
6.50322405811466453E-3	2.32436312460585359E-4
6.50333928634234670E-3	1.72308351393090131E-4
6.50345451443873568E-3	1.27734682904624086E-4
6.50356974246992259E-3	9.46915931552430479E-5
6.50368497048399252E-3	7.01962703700840862E-5
6.50380019850624436E-3	5.20375266553477367E-5
6.50391542654448429E-3	3.85761815898977334E-5
6.50403065459682050E-3	2.85970880228878466E-5
6.50414588265796567E-3	2.11994393843442941E-5
6.50426111072292645E-3	1.57154541306638906E-5
6.50437633878842103E-3	1.16500957164999974E-5
6.50449156685293062E-3	8.63638615664273779E-6
6.50460679491613991E-3	6.40227925251862118E-6
6.50472202297834023E-3	4.74610317287814087E-6
6.50483725103997301E-3	3.51835564746385643E-6
6.50495247910140506E-3	2.60820846483352797E-6
6.50506770716285043E-3	1.93350305604450012E-6
6.50518293522440150E-3	1.43333407492494991E-6
6.50529816328606181E-3	1.06255149873213783E-6
6.50541339134780738E-3	7.87684955755270622E-7
6.50552861940960536E-3	5.83922370173080107E-7
6.50564384747143709E-3	4.32870187463329259E-7
6.50575907553329724E-3	3.20892996788815221E-7
6.50587430359519381E-3	2.37882668794872476E-7
6.50598953165714278E-3	1.76345899455376398E-7
6.50610475971916635E-3	1.30727792981116187E-7
6.50621998778129740E-3	9.69104239397666234E-8
6.50633521584357499E-3	7.18411140255743064E-8
6.50645044390605065E-3	5.32568681958467760E-8
6.50656567196879188E-3	3.94800951517476584E-8
6.50668090003189370E-3	2.92671719453337165E-8
6.50680556818762312E-3	2.11507769465422246E-8
6.50694272458195311E-3	1.47599129648321847E-8
6.50709618623245145E-3	9.82264847964805021E-9
6.50726916338429362E-3	6.15525702031020572E-9
6.50746574206803263E-3	3.56456223181045750E-9
6.50769170734081825E-3	1.84706273045496583E-9
6.50795558832147325E-3	8.01314588277354645E-10
6.50827040231440890E-3	2.39608535500130415E-10
6.50865679427660826E-3	-3.27873943117388045E-12
6.50914959722217468E-3	-1.46786065782900632E-12
6.50984722308811126E-3	-2.46923419421652390E-13
6.51067842113878914E-3	-7.88721431574560050E-14
6.51317201529082723E-3	3.16327182962359332E-14
6.52065279774693884E-3	3.50375448967790115E-15
6.54309514511527546E-3	9.51252274006291820E-16
6.61042218722028618E-3	1.99348466879516484E-15
6.81240331353531570E-3	2.00425383072926389E-15
7.00000000000000089E-3	1.99962746371541655E-15
7.00000004999999881E-3	6.24921882680378094E-6
7.00000020000000056E-3	5.71288297386904631E-5
7.00000065000000049E-3	5.40055436847183223E-4
7.00000087962032858E-3	9.79293893837122198E-4
7.00000100000000014E-3	1.26187306117634157E-3
7.00000103611390223E-3	1.35203574724324005E-3
7.00000113574090577E-3	1.60073078028087479E-3
7.00000126679869350E-3	1.92779494078356728E-3
7.00000165997205936E-3	2.90834869199766599E-3
7.00000283949215873E-3	5.83992816021024463E-3
7.00000605008407550E-3	1.37559957302486380E-2
7.00001067185149140E-3	2.50213076087591135E-2
7.00001765110074459E-3	4.17411264296644546E-2
7.00002665630027288E-3	6.28394214316884003E-2
7.00003820199994919E-3	8.91309720341890355E-2
7.00005216892014026E-3	1.20234233398952806E-1
7.00007824570521020E-3	1.75681658787962469E-1
7.00012266494961999E-3	2.62435583812297546E-1
7.00025103551297256E-3	4.67376622855363966E-1
7.00035844730208101E-3	5.95644114489181575E-1
7.00049328406690030E-3	7.14949431944275826E-1
7.00064126454293323E-3	8.06837082807527395E-1
7.00081001032204675E-3	8.77050443451185835E-1
7.00100368441061605E-3	9.27589478404239465E-1
7.00122851029833093E-3	9.60842145584831187E-1
7.00149419742921175E-3	9.79623494650004289E-1
7.00180908248445633E-3	9.87633300340206333E-1
7.00218364056411247E-3	9.89515029332333107E-1
7.00265186864670408E-3	9.88480304670863852E-1
7.00355020203807577E-3	9.88023703614233995E-1
7.00590752566318553E-3	9.87912354652948999E-1
7.01289600258609447E-3	9.87941238534642174E-1
7.03386143335482128E-3	9.88063609082827909E-1
7.09675772566099994E-3	9.88418829248595543E-1
7.28544660257954213E-3	9.89290817890480412E-1
7.50000100000000103E-3	9.90137668208416066E-1
7.50000104999999895E-3	9.90131419465194718E-1
7.50000120000000070E-3	9.90080545411229629E-1
7.50000164999999974E-3	9.89350516092747334E-1
7.50000200000000028E-3	9.88570317816428279E-1
7.50000210500000097E-3	9.88308474331658715E-1
7.50000242000000039E-3	9.87523419956964865E-1
7.50000336500000220E-3	9.85176690436692937E-1
7.50000620000000495E-3	9.78172661065358007E-1
7.50001470500001322E-3	9.57748227873307378E-1
7.50004022000003712E-3	8.98719245179195880E-1
7.50007774349763512E-3	8.18211096495685020E-1
7.50019031399043357E-3	6.15688654152096593E-1
7.50031874481598315E-3	4.42647831783825918E-1
7.50044628378730849E-3	3.17857402360343544E-1
7.50057179217847647E-3	2.29092247449578945E-1
7.50069168145186360E-3	1.67530649491828521E-1
7.50080838621230850E-3	1.23588043560517535E-1
7.50092315274631538E-3	9.16791593090370327E-2
7.50103728041262130E-3	6.81472281898583443E-2
7.50115149484539057E-3	5.06541322471652755E-2
7.50126606035984711E-3	3.76196728512967526E-2
7.50138098656680619E-3	2.79128745148760560E-2
7.50149615674870507E-3	2.06967678211404138E-2
7.50161144639026833E-3	1.53408467280873140E-2
7.50172676543305883E-3	1.13697732214538694E-2
7.50184206745528659E-3	8.42690420967270271E-3
7.50195733882743809E-3	6.24622429656492351E-3
7.50207258371075092E-3	4.63017892149426213E-3
7.50218781230189435E-3	3.43239897082500711E-3
7.50230303400689458E-3	2.54452507150041862E-3
7.50241825490583469E-3	1.88632864051404248E-3
7.50253347776269663E-3	1.39838284289353521E-3
7.50264870309076404E-3	1.03664978488729487E-3
7.50276393031153344E-3	7.68485736133176278E-4
7.50287915858131882E-3	5.69689563067340199E-4
7.50299438721695910E-3	4.22318606401883123E-4
7.50310961581988245E-3	3.13070507867280323E-4
7.50322484423627234E-3	2.32083515078422398E-4
7.50334007246237000E-3	1.72046818356100029E-4
7.50345530055747023E-3	1.27540805108675048E-4
7.50357052858789952E-3	9.45478689041002873E-5
7.50368575660167902E-3	7.00897255323774537E-5
7.50380098462391931E-3	5.19585434070427610E-5
7.50391621266227027E-3	3.85176301398192988E-5
7.50403144071473260E-3	2.85536829667328185E-5
7.50414666877596925E-3	2.11672625764805744E-5
7.50426189684097622E-3	1.56916009907541065E-5
7.50437712490648590E-3	1.16324130348867105E-5
7.50449235297099015E-3	8.62327772646616175E-6
7.50460758103419057E-3	6.39256178184568036E-6
7.50472280909638112E-3	4.73889946997571521E-6
7.50483803715800768E-3	3.51301543727927612E-6
7.50495326521943706E-3	2.60424968899520071E-6
7.50506849328088421E-3	1.93056835765966239E-6
7.50518372134243439E-3	1.43115854011866106E-6
7.50529894940409559E-3	1.06093874298194057E-6
7.50541417746584116E-3	7.86489396345552283E-7
7.50552940552763914E-3	5.83036084508810326E-7
7.50564463358947265E-3	4.32213170947093950E-7
7.50575986165133280E-3	3.20405940842985393E-7
7.50587508971323114E-3	2.37521607103912258E-7
7.50599031777517922E-3	1.76078239146958393E-7
7.50610554583720457E-3	1.30529372482629613E-7
7.50622077389933562E-3	9.67633319243173240E-8
7.50633600196161321E-3	7.17320725647646995E-8
7.50645123002409065E-3	5.31760341673023262E-8
7.50656645808683276E-3	3.94201717049951261E-8
7.50668168614993903E-3	2.92227498184737389E-8
7.50680641744393284E-3	2.11150662404820988E-8
7.50694363979884827E-3	1.47322224016346004E-8
7.50709719262850328E-3	9.80156911613930326E-9
7.50727027589196894E-3	6.13997159304541373E-9
7.50746698496640441E-3	3.55408365805388016E-9
7.50769311448305920E-3	1.84039320387172389E-9
7.50795721093197876E-3	7.97487399789397244E-10
7.50827232005980605E-3	2.37745744036565032E-10
7.50865913686465714E-3	-3.92856741121605246E-12
7.50915259155787140E-3	-1.75771665679919309E-12
7.50985236282576629E-3	-2.93668146783145678E-13
7.51068570435622362E-3	-9.38919281587885379E-14
7.51318572894759118E-3	3.72102075716687342E-14
7.52068580272169829E-3	3.78250550833376931E-15
7.54318602404401517E-3	7.56748207539730444E-16
7.61068668801097026E-3	1.99237844320038748E-15
7.81318867991183108E-3	2.00512046003614675E-15
8.00000000000000000E-3	1.99965708167384593E-15
8.00000005000000058E-3	6.24921892979082205E-6
8.00000020000000234E-3	5.71288301227082584E-5
8.00000065000000049E-3	5.40055437230148261E-4
8.00000087962032858E-3	9.79293895944902104E-4
8.00000099999999925E-3	1.26187306121544074E-3
8.00000103611390223E-3	1.35203574663275194E-3
8.00000113574090221E-3	1.60073077849142553E-3
8.00000126679868906E-3	1.92779493720998962E-3
8.00000165997205492E-3	2.90834868307866401E-3
8.00000283949214719E-3	5.83992813536478028E-3
8.00000605008406396E-3	1.37559957054860771E-2
8.00001067185147186E-3	2.50213075659730899E-2
8.00001765110072149E-3	4.17411263786890974E-2
8.00002665630024268E-3	6.28394213641623711E-2
8.00003820199991544E-3	8.91309719556557845E-2
8.00005216892009585E-3	1.20234233306040683E-1
8.00007824570515069E-3	1.75681658667191010E-1
8.00012266494953828E-3	2.62435583662826266E-1
8.00025103551291927E-3	4.67376622786289797E-1
8.00035844730201262E-3	5.95644114458691654E-1
8.00049328406663562E-3	7.14949436124236204E-1
8.00064126452804203E-3	8.06837242595312709E-1
8.00081000972089562E-3	8.77053089227178795E-1
8.00100367431802439E-3	9.27610839972876811E-1
8.00122843228214720E-3	9.60936154769862760E-1
8.00149393579133950E-3	9.79872545625065783E-1
8.00180890831331126E-3	9.88077321431580913E-1
8.00218429946173515E-3	9.90097417783885803E-1
8.00265364862662487E-3	9.89086573681588277E-1
8.00353511803280249E-3	9.88637457287234156E-1
8.00592010827254086E-3	9.88522463580741118E-1
8.01292042484553946E-3	9.88546188002442250E-1
8.03392137456452815E-3	9.88654412713361808E-1
8.09692422372149778E-3	9.88969498475856845E-1
8.28593277119240845E-3	9.89747923742057623E-1
8.50000100000000103E-3	9.90505355832535272E-1
8.50000104999999984E-3	9.90499107060266581E-1
8.50000120000000159E-3	9.90448232765259995E-1
8.50000164999999974E-3	9.89718190874390125E-1
8.50000200000000028E-3	9.88937976465111745E-1
8.50000210500000009E-3	9.88676126396698507E-1
8.50000241999999950E-3	9.87891047708110293E-1
8.50000336499999776E-3	9.85544167665396031E-1
8.50000619999999252E-3	9.78539399881019101E-1
8.50001470499998035E-3	9.58109546241063015E-1
8.50004021999994208E-3	8.99061526464830330E-1
8.50007785595094134E-3	8.18293918353962013E-1
8.50019076380393379E-3	6.15217202206119573E-1
8.50031930759982224E-3	4.42165982239990907E-1
8.50044687345087091E-3	3.17481348386598317E-1
8.50057237178857150E-3	2.28824248513014883E-1
8.50069223456126366E-3	1.67345684932020933E-1
8.50080891826070228E-3	1.23458526951074510E-1
8.50092367083152212E-3	9.15866468600900419E-2
8.50103779230395418E-3	6.80797136378282275E-2
8.50115200563685747E-3	5.06041664906553379E-2
8.50126657252948092E-3	3.75824543935929833E-2
8.50138150071764720E-3	2.78851189597469240E-2
8.50149667248480334E-3	2.06760994928600716E-2
8.50161196304373235E-3	1.53254872360643701E-2
8.50172728243361853E-3	1.13583774892938294E-2
8.50184258445737484E-3	8.41845722180441491E-3
8.50195785568826778E-3	6.23996524964919352E-3
8.50207310041661124E-3	4.62554110000787322E-3
8.50218832889670040E-3	3.42896194709583302E-3
8.50230355054423370E-3	2.54197753905657642E-3
8.50241877142617852E-3	1.88444018767165966E-3
8.50253399428815548E-3	1.39698287517781350E-3
8.50264921962881992E-3	1.03561192814273761E-3
8.50276444686123867E-3	7.67716331991958256E-4
8.50287967513856202E-3	5.69119180774348798E-4
8.50299490377763334E-3	4.21895769986526670E-4
8.50311013238119884E-3	3.12757052731620844E-4
8.50322536079687552E-3	2.31851146779871442E-4
8.50334058902192780E-3	1.71874560878451144E-4
8.50345581711618159E-3	1.27413108428576738E-4
8.50357104514611883E-3	9.44532056144657339E-5
8.50368627315970649E-3	7.00195502847600615E-5
8.50380150118194322E-3	5.19065214682323006E-5
8.50391672922036790E-3	3.84790655071835630E-5
8.50403195727291106E-3	2.85250944340563084E-5
8.50414718533420810E-3	2.11460694758722800E-5
8.50426241339924438E-3	1.56758902342486595E-5
8.50437764146476383E-3	1.16207664212294626E-5
8.50449286952926542E-3	8.61464392163794201E-6
8.50460809759245961E-3	6.38616141627303957E-6
8.50472332565464129E-3	4.73415478551944702E-6
8.50483855371626696E-3	3.50949813338689909E-6
8.50495378177769190E-3	2.60164226022651723E-6
8.50506900983913994E-3	1.92863543260685599E-6
8.50518423790068923E-3	1.42972563452532753E-6
8.50529946596235220E-3	1.05987650912180520E-6
8.50541469402409867E-3	7.85701946859389366E-7
8.50552992208589664E-3	5.82452336695655326E-7
8.50564515014772837E-3	4.31780430161569129E-7
8.50576037820959030E-3	3.20085143774139214E-7
8.50587560627148775E-3	2.37283795548331966E-7
8.50599083433343850E-3	1.75901945965194906E-7
8.50610606239546208E-3	1.30398683770462309E-7
8.50622129045759401E-3	9.66664504719674156E-8
8.50633651851986983E-3	7.16602529282107792E-8
8.50645174658234815E-3	5.31227932210770337E-8
8.50656697464509293E-3	3.93807034134396972E-8
8.50668220270819830E-3	2.91934913971136867E-8
8.50680697565785415E-3	2.10915478022908864E-8
8.50694424153164697E-3	1.47139878158726800E-8
8.50709785452172618E-3	9.78769019585955391E-9
8.50727100780162893E-3	6.12990937789494783E-9
8.50746780291946614E-3	3.54718745417165238E-9
8.50769404082970304E-3	1.83600533248407816E-9
8.50795827949675143E-3	7.94970793097436967E-10
8.50827358345912188E-3	2.36521937938128124E-10
8.50866068078831717E-3	-4.35456742365491944E-12
8.50915456596237973E-3	-1.94749771428837315E-12
8.50985575706602937E-3	-3.23841332234126300E-13
8.51069051663090903E-3	-1.03556388133032029E-13
8.51319479532555334E-3	4.08125716038121666E-14
8.52070763140948806E-3	3.96174626376827010E-15
8.54324613966128865E-3	6.31635983886413399E-16
8.61086166441669754E-3	1.99167003541306498E-15
8.81370823868291708E-3	2.00567510185241904E-15
9.00000000000000178E-3	1.99967584325766579E-15
9.00000005000000058E-3	6.24921892979083893E-6
9.00000020000000234E-3	5.71288301227082851E-5
9.00000065000000049E-3	5.40055437230148261E-4
9.00000087962032858E-3	9.79293895944902282E-4
9.00000100000000103E-3	1.26187306121544074E-3
9.00000103611390223E-3	1.35203574663275194E-3
9.00000113574090399E-3	1.60073077849142420E-3
9.00000126679869084E-3	1.92779493720997719E-3
9.00000165997205492E-3	2.90834868307861916E-3
9.00000283949214896E-3	5.83992813536463817E-3
9.00000605008406573E-3	1.37559957054867965E-2
9.00001067185147363E-3	2.50213075659733564E-2
9.00001765110072327E-3	4.17411263786905629E-2
9.00002665630024445E-3	6.28394213641638544E-2
9.00003820199991544E-3	8.91309719556575075E-2
9.00005216892009763E-3	1.20234233306042637E-1
9.00007824570515247E-3	1.75681658667195006E-1
9.00012266494954005E-3	2.62435583662841809E-1
9.00025103551291927E-3	4.67376622786649953E-1
9.00035844730201440E-3	5.95644114482648845E-1
9.00049328406652194E-3	7.14949438802830706E-1
9.00064126451868241E-3	8.06837343717402611E-1
9.00081000934063624E-3	8.77054763439410578E-1
9.00100366793256512E-3	9.27624372395626295E-1
9.00122838287886573E-3	9.60995437328099378E-1
9.00149377174083654E-3	9.80031607998926546E-1
9.00180878373487126E-3	9.88363363684224083E-1
9.00218471441911028E-3	9.90475883989146588E-1
9.00265480946090157E-3	9.89482108066525612E-1
9.00352572625923031E-3	9.89038599196678270E-1
9.00593156319862231E-3	9.88921465973289848E-1
9.01294992979761922E-3	9.88941997604231027E-1
9.03400502959460461E-3	9.89041399029812496E-1
9.09717032898555900E-3	9.89331385633312266E-1
9.28666622715842394E-3	9.90050763038457582E-1
9.50000100000000103E-3	9.90749456279048246E-1
9.50000105000000161E-3	9.90743207487898836E-1
9.50000120000000159E-3	9.90692333034057881E-1
9.50000165000000152E-3	9.89962282798915005E-1
9.50000200000000028E-3	9.89182057679707505E-1
9.50000210500000009E-3	9.88920203240635942E-1
9.50000241999999950E-3	9.88135108410635254E-1
9.50000336499999776E-3	9.85788128434106170E-1
9.50000619999999429E-3	9.78782870388498516E-1
9.50001470499998213E-3	9.58349417617522370E-1
9.50004021999994386E-3	8.99288758309285186E-1
9.50007793132900780E-3	8.18347361853576949E-1
9.50019106531619961E-3	6.14899762905868030E-1
9.50031968353733447E-3	4.41843605575415310E-1
9.50044726728315325E-3	3.17229881198363328E-1
9.50057275874172014E-3	2.28645137863321368E-1
9.50069260379121872E-3	1.67222064429868067E-1
9.50080927344253645E-3	1.23371948989617430E-1
9.50092401670950792E-3	9.15247939230189367E-2
9.50103813406949627E-3	6.80345673660270212E-2
9.50115234668201758E-3	5.05707524946459053E-2
9.50126691450192595E-3	3.75575644577620693E-2
9.50138184401447994E-3	2.78665575127609877E-2
9.50149701683890058E-3	2.06622778487351288E-2
9.50161230800841317E-3	1.53152159591537984E-2
9.50172762762842638E-3	1.13507569534512376E-2
9.50184292965223243E-3	8.41280859035384943E-3
9.50195820078840825E-3	6.23577973121627416E-3
9.50207344541325227E-3	4.62243971615660687E-3
9.50218867381932064E-3	3.42666355226685404E-3
9.50230389542863740E-3	2.54027395990552662E-3
9.50241911629934499E-3	1.88317734567242878E-3
9.50253433916480006E-3	1.39604669164355366E-3
9.50264956451389686E-3	1.03491789471428808E-3
9.50276479175409250E-3	7.67201817688739762E-4
9.50288002003643584E-3	5.68737755980818793E-4
9.50299524867778622E-3	4.21613011770253721E-4
9.50311047728177272E-3	3.12547439727056364E-4
9.50322570569696978E-3	2.31695757982201123E-4
9.50334093392132218E-3	1.71759369251147520E-4
9.50345616201501286E-3	1.27327715395337582E-4
9.50357139004461970E-3	9.43899025943806436E-5
9.50368661805808124E-3	6.99726228522765048E-5
9.50380184608031442E-3	5.18717334751728121E-5
9.50391707411878883E-3	3.84532766534089721E-5
9.50403230217138884E-3	2.85059767752572224E-5
9.50414753023272318E-3	2.11318972736607558E-5
9.50426275829778255E-3	1.56653841727679710E-5
9.50437798636330555E-3	1.16129781241451946E-5
9.50449321442780537E-3	8.60887034324514033E-6
9.50460844249099779E-3	6.38188137831627866E-6
9.50472367055317591E-3	4.73098193088540864E-6
9.50483889861479625E-3	3.50714604990112244E-6
9.50495412667622297E-3	2.59989862637085078E-6
9.50506935473766923E-3	1.92734285134707983E-6
9.50518458279922029E-3	1.42876742514504818E-6
9.50529981086088505E-3	1.05916617450272166E-6
9.50541503892263151E-3	7.85175365423988758E-7
9.50553026698442949E-3	5.82061974181284381E-7
9.50564549504626299E-3	4.31491048724411108E-7
9.50576072310812492E-3	3.19870621085445084E-7
9.50587595117002238E-3	2.37124766743955773E-7
9.50599117923197134E-3	1.75784055588307719E-7
9.50610640729399670E-3	1.30311289911106742E-7
9.50622163535612863E-3	9.66016641267630582E-8
9.50633686341840800E-3	7.16122258636549702E-8
9.50645209148088632E-3	5.30871900562039034E-8
9.50656731954363288E-3	3.93543102669773770E-8
9.50668254760673825E-3	2.91739257719048339E-8
9.50680734844334197E-3	2.10758216029075385E-8
9.50694464345196621E-3	1.47017956539402084E-8
9.50709829671934870E-3	9.77841129044623791E-9
9.50727149687669559E-3	6.12318301763076178E-9
9.50746834960534848E-3	3.54257826154684619E-9
9.50769466009589159E-3	1.83307329377628880E-9
9.50795899400049294E-3	7.93289734760102228E-10
9.50827442845014126E-3	2.35704936627484418E-10
9.50866171368384272E-3	-4.63855261076983361E-12
9.50915588726639882E-3	-2.07390697168006222E-12
9.50985803086004822E-3	-3.43747046270508338E-13
9.51069374147098578E-3	-1.09918629350001096E-13
9.51320087330380026E-3	4.31900360846903020E-14
9.52072226880224548E-3	4.07968804254055506E-15
9.54328645529757758E-3	5.49292035346531193E-16
9.61097901478357564E-3	1.99120518897473797E-15
9.81405669324157337E-3	2.00603891340404550E-15
1.00000000000000000E-2	1.99968807061572518E-15


